{"booster": "gblinear", "lambda": 0.0001325452035536769, "alpha": 3.330213200293923e-08}